ctime,relname,pid,mode,granted
946684800,pg_index,21375,AccessShareLock,t
946684800,pg_index_indexrelid_index,21375,AccessShareLock,t
946684800,pg_index_indrelid_index,21375,AccessShareLock,t
946684800,pg_locks,21378,AccessShareLock,t
946684800,pg_namespace,21375,AccessShareLock,t
946684800,pg_namespace_nspname_index,21375,AccessShareLock,t
946684800,pg_namespace_oid_index,21375,AccessShareLock,t
946684800,pg_stat_all_indexes,21375,AccessShareLock,t
946684800,pg_stat_database,21376,AccessShareLock,t
946684800,pg_statio_all_indexes,21375,AccessShareLock,t
946684800,customer,21384,RowExclusiveLock,t
946684800,customer,21387,RowExclusiveLock,t
946684800,customer,21385,RowExclusiveLock,t
946684800,customer,21381,RowExclusiveLock,t
946684800,lineitem,21380,RowExclusiveLock,t
946684800,lineitem,21373,RowExclusiveLock,t
946684800,orders,21391,RowExclusiveLock,t
946684800,part,21393,RowExclusiveLock,t
946684800,part,21388,RowExclusiveLock,t
946684800,part,,RowExclusiveLock,t
946684800,part,,RowExclusiveLock,t
946684800,partsupp,21382,RowExclusiveLock,t
946684800,partsupp,21395,RowExclusiveLock,t
946684800,partsupp,21392,RowExclusiveLock,t
946684800,pg_locks,21397,AccessShareLock,t
946684800,pg_namespace,21401,AccessShareLock,t
946684800,pg_namespace_nspname_index,21401,AccessShareLock,t
946684800,supplier,21390,RowExclusiveLock,t
946684800,supplier,21389,RowExclusiveLock,t
946684800,customer,21374,RowExclusiveLock,t
946684800,customer,21409,RowExclusiveLock,t
946684800,customer,21408,RowExclusiveLock,t
946684800,customer,21406,RowExclusiveLock,t
946684800,customer,21387,RowExclusiveLock,t
946684800,customer,21385,RowExclusiveLock,t
946684800,customer,21381,RowExclusiveLock,t
946684800,customer,21384,RowExclusiveLock,t
946684800,lineitem,21407,RowExclusiveLock,t
946684800,lineitem,21373,RowExclusiveLock,t
946684800,lineitem,21380,RowExclusiveLock,t
946684800,lineitem,21390,RowExclusiveLock,t
946684800,lineitem,21396,RowExclusiveLock,t
946684800,lineitem,21411,RowExclusiveLock,t
946684800,orders,21388,RowExclusiveLock,t
946684800,orders,21391,RowExclusiveLock,t
946684800,orders,21383,RowExclusiveLock,t
946684800,part,21393,RowExclusiveLock,t
946684800,part,21405,ShareUpdateExclusiveLock,t
946684800,partsupp,21386,RowExclusiveLock,t
946684800,partsupp,21382,RowExclusiveLock,t
946684800,partsupp,21402,RowExclusiveLock,t
946684800,partsupp,21403,RowExclusiveLock,t
946684800,partsupp,21395,RowExclusiveLock,t
946684800,partsupp,21392,RowExclusiveLock,t
946684800,pg_locks,21414,AccessShareLock,t
946684800,pg_namespace,21415,AccessShareLock,t
946684800,pg_namespace_nspname_index,21415,AccessShareLock,t
946684800,pg_stat_database,21417,AccessShareLock,t
946684800,supplier,21404,RowExclusiveLock,t
946684800,supplier,21389,RowExclusiveLock,t
946684800,customer,21385,RowExclusiveLock,t
946684800,customer,21381,RowExclusiveLock,t
946684800,customer,21384,RowExclusiveLock,t
946684800,customer,21374,RowExclusiveLock,t
946684800,customer,21409,RowExclusiveLock,t
946684800,customer,21408,RowExclusiveLock,t
946684800,customer,21406,RowExclusiveLock,t
946684800,customer,21387,RowExclusiveLock,t
946684800,lineitem,21396,RowExclusiveLock,t
946684800,lineitem,21425,RowExclusiveLock,t
946684800,lineitem,21422,RowExclusiveLock,t
946684800,lineitem,21411,RowExclusiveLock,t
946684800,lineitem,21373,RowExclusiveLock,t
946684800,lineitem,21380,RowExclusiveLock,t
946684800,lineitem,21390,RowExclusiveLock,t
946684800,lineitem,21407,RowExclusiveLock,t
946684800,orders,21391,RowExclusiveLock,t
946684800,orders,21393,RowExclusiveLock,t
946684800,orders,21418,RowExclusiveLock,t
946684800,orders,21383,RowExclusiveLock,t
946684800,orders,21388,RowExclusiveLock,t
946684800,part,21420,RowExclusiveLock,t
946684800,part,21405,ShareUpdateExclusiveLock,t
946684800,part,21427,RowExclusiveLock,t
946684800,part,21424,RowExclusiveLock,t
946684800,partsupp,21395,RowExclusiveLock,t
946684800,partsupp,21386,RowExclusiveLock,t
946684800,partsupp,21382,RowExclusiveLock,t
946684800,partsupp,21403,RowExclusiveLock,t
946684800,partsupp,21402,RowExclusiveLock,t
946684800,partsupp,21419,RowExclusiveLock,t
946684800,partsupp,21392,RowExclusiveLock,t
946684800,pg_locks,21432,AccessShareLock,t
946684800,supplier,21423,RowExclusiveLock,t
946684800,supplier,21412,RowExclusiveLock,t
946684800,supplier,21404,RowExclusiveLock,t
946684800,supplier,21389,RowExclusiveLock,t
946684800,customer,21384,RowExclusiveLock,t
946684800,customer,21385,RowExclusiveLock,t
946684800,customer,21387,RowExclusiveLock,t
946684800,customer,21409,RowExclusiveLock,t
946684800,customer,21408,RowExclusiveLock,t
946684800,customer,21406,RowExclusiveLock,t
946684800,customer,21374,RowExclusiveLock,t
946684800,customer,21381,RowExclusiveLock,t
946684800,lineitem,21425,RowExclusiveLock,t
946684800,lineitem,21411,RowExclusiveLock,t
946684800,lineitem,21422,RowExclusiveLock,t
946684800,lineitem,21373,RowExclusiveLock,t
946684800,lineitem,21380,RowExclusiveLock,t
946684800,lineitem,21390,RowExclusiveLock,t
946684800,lineitem,21396,RowExclusiveLock,t
946684800,lineitem,21407,RowExclusiveLock,t
946684800,orders,21418,RowExclusiveLock,t
946684800,orders,21434,RowExclusiveLock,t
946684800,orders,21437,RowExclusiveLock,t
946684800,orders,21391,RowExclusiveLock,t
946684800,orders,21393,RowExclusiveLock,t
946684800,orders,21438,RowExclusiveLock,t
946684800,orders,21383,RowExclusiveLock,t
946684800,orders,21388,RowExclusiveLock,t
946684800,part,21427,RowExclusiveLock,t
946684800,part,21424,RowExclusiveLock,t
946684800,part,21420,RowExclusiveLock,t
946684800,partsupp,21419,RowExclusiveLock,t
946684800,partsupp,21382,RowExclusiveLock,t
946684800,partsupp,21386,RowExclusiveLock,t
946684800,partsupp,21392,RowExclusiveLock,t
946684800,partsupp,21395,RowExclusiveLock,t
946684800,partsupp,21403,RowExclusiveLock,t
946684800,partsupp,21402,RowExclusiveLock,t
946684800,partsupp,21431,RowExclusiveLock,t
946684800,pg_locks,21447,AccessShareLock,t
946684800,pg_namespace,21440,AccessShareLock,t
946684800,pg_namespace,21442,AccessShareLock,t
946684800,pg_namespace_nspname_index,21440,AccessShareLock,t
946684800,pg_namespace_nspname_index,21442,AccessShareLock,t
946684800,pg_namespace_oid_index,21442,AccessShareLock,t
946684800,pg_namespace_oid_index,21440,AccessShareLock,t
946684800,pg_operator,21442,AccessShareLock,t
946684800,pg_operator,21440,AccessShareLock,t
946684800,pg_operator_oid_index,21442,AccessShareLock,t
946684800,pg_operator_oid_index,21440,AccessShareLock,t
946684800,pg_operator_oprname_l_r_n_index,21440,AccessShareLock,t
946684800,pg_operator_oprname_l_r_n_index,21442,AccessShareLock,t
946684800,pg_statistic,21440,AccessShareLock,t
946684800,pg_statistic,21442,AccessShareLock,t
946684800,pg_statistic_relid_att_inh_index,21440,AccessShareLock,t
946684800,pg_statistic_relid_att_inh_index,21442,AccessShareLock,t
946684800,supplier,21435,RowExclusiveLock,t
946684800,supplier,21412,RowExclusiveLock,t
946684800,supplier,21423,RowExclusiveLock,t
946684800,customer,21385,RowExclusiveLock,t
946684800,customer,21406,RowExclusiveLock,t
946684800,customer,21409,RowExclusiveLock,t
946684800,customer,21408,RowExclusiveLock,t
946684800,customer,21374,RowExclusiveLock,t
946684800,customer,21384,RowExclusiveLock,t
946684800,customer,21381,RowExclusiveLock,t
946684800,customer,21387,RowExclusiveLock,t
946684800,lineitem,21422,RowExclusiveLock,t
946684800,lineitem,21425,RowExclusiveLock,t
946684800,lineitem,21373,RowExclusiveLock,t
946684800,lineitem,21380,RowExclusiveLock,t
946684800,lineitem,21390,RowExclusiveLock,t
946684800,lineitem,21396,RowExclusiveLock,t
946684800,lineitem,21407,RowExclusiveLock,t
946684800,lineitem,21411,RowExclusiveLock,t
946684800,orders,21438,RowExclusiveLock,t
946684800,orders,21437,RowExclusiveLock,t
946684800,orders,21418,RowExclusiveLock,t
946684800,orders,21434,RowExclusiveLock,t
946684800,orders,21383,RowExclusiveLock,t
946684800,orders,21388,RowExclusiveLock,t
946684800,orders,21391,RowExclusiveLock,t
946684800,orders,21393,RowExclusiveLock,t
946684800,part,21427,RowExclusiveLock,t
946684800,part,21424,RowExclusiveLock,t
946684800,partsupp,21419,RowExclusiveLock,t
946684800,partsupp,21382,RowExclusiveLock,t
946684800,partsupp,21386,RowExclusiveLock,t
946684800,partsupp,21392,RowExclusiveLock,t
946684800,partsupp,21395,RowExclusiveLock,t
946684800,partsupp,21403,RowExclusiveLock,t
946684800,partsupp,21402,RowExclusiveLock,t
946684800,partsupp,21431,RowExclusiveLock,t
946684800,pg_index,21456,AccessShareLock,t
946684800,pg_locks,21454,AccessShareLock,t
946684800,pg_namespace,21455,AccessShareLock,t
946684800,pg_namespace_nspname_index,21455,AccessShareLock,t
946684800,pg_stat_all_tables,21456,AccessShareLock,t
946684800,pg_statio_all_tables,21456,AccessShareLock,t
946684800,supplier,21423,RowExclusiveLock,t
946684800,supplier,21435,RowExclusiveLock,t
946684800,customer,21374,RowExclusiveLock,t
946684800,customer,21409,RowExclusiveLock,t
946684800,customer,21408,RowExclusiveLock,t
946684800,customer,21406,RowExclusiveLock,t
946684800,customer,21387,RowExclusiveLock,t
946684800,customer,21385,RowExclusiveLock,t
946684800,customer,21381,RowExclusiveLock,t
946684800,customer,21384,RowExclusiveLock,t
946684800,lineitem,21422,RowExclusiveLock,t
946684800,lineitem,21373,RowExclusiveLock,t
946684800,lineitem,21380,RowExclusiveLock,t
946684800,lineitem,21390,RowExclusiveLock,t
946684800,lineitem,21396,RowExclusiveLock,t
946684800,lineitem,21407,RowExclusiveLock,t
946684800,lineitem,21411,RowExclusiveLock,t
946684800,lineitem,21425,RowExclusiveLock,t
946684800,orders,21438,RowExclusiveLock,t
946684800,orders,21434,RowExclusiveLock,t
946684800,orders,21437,RowExclusiveLock,t
946684800,orders,21383,RowExclusiveLock,t
946684800,orders,21388,RowExclusiveLock,t
946684800,orders,21391,RowExclusiveLock,t
946684800,orders,21393,RowExclusiveLock,t
946684800,orders,21418,RowExclusiveLock,t
946684800,part,21427,ShareLock,t
946684800,partsupp,21386,RowExclusiveLock,t
946684800,partsupp,21382,RowExclusiveLock,t
946684800,partsupp,21419,RowExclusiveLock,t
946684800,partsupp,21431,RowExclusiveLock,t
946684800,partsupp,21402,RowExclusiveLock,t
946684800,partsupp,21403,RowExclusiveLock,t
946684800,partsupp,21395,RowExclusiveLock,t
946684800,partsupp,21392,RowExclusiveLock,t
946684800,pg_locks,21460,AccessShareLock,t
946684800,pg_namespace,21461,AccessShareLock,t
946684800,pg_namespace,21459,AccessShareLock,t
946684800,pg_namespace_nspname_index,21461,AccessShareLock,t
946684800,pg_namespace_nspname_index,21459,AccessShareLock,t
946684800,supplier,21424,ShareLock,t
946684800,supplier,21435,ShareLock,t
946684800,customer,21409,RowExclusiveLock,t
946684800,customer,21374,RowExclusiveLock,t
946684800,customer,21384,RowExclusiveLock,t
946684800,customer,21381,RowExclusiveLock,t
946684800,customer,21385,RowExclusiveLock,t
946684800,customer,21387,RowExclusiveLock,t
946684800,customer,21406,RowExclusiveLock,t
946684800,customer,21408,RowExclusiveLock,t
946684800,lineitem,21373,RowExclusiveLock,t
946684800,lineitem,21425,RowExclusiveLock,t
946684800,lineitem,21422,RowExclusiveLock,t
946684800,lineitem,21411,RowExclusiveLock,t
946684800,lineitem,21407,RowExclusiveLock,t
946684800,lineitem,21396,RowExclusiveLock,t
946684800,lineitem,21390,RowExclusiveLock,t
946684800,lineitem,21380,RowExclusiveLock,t
946684800,orders,21383,RowExclusiveLock,t
946684800,orders,21388,RowExclusiveLock,t
946684800,orders,21391,RowExclusiveLock,t
946684800,orders,21393,RowExclusiveLock,t
946684800,orders,21418,RowExclusiveLock,t
946684800,orders,21438,RowExclusiveLock,t
946684800,orders,21434,RowExclusiveLock,t
946684800,orders,21437,RowExclusiveLock,t
946684800,partsupp,21386,RowExclusiveLock,t
946684800,partsupp,21431,RowExclusiveLock,t
946684800,partsupp,21419,RowExclusiveLock,t
946684800,partsupp,21402,RowExclusiveLock,t
946684800,partsupp,21403,RowExclusiveLock,t
946684800,partsupp,21395,RowExclusiveLock,t
946684800,partsupp,21392,RowExclusiveLock,t
946684800,pg_locks,21477,AccessShareLock,t
946684800,pg_namespace,21475,AccessShareLock,t
946684800,pg_namespace_nspname_index,21475,AccessShareLock,t
946684800,pk_supplier,21424,AccessShareLock,t
946684800,supplier,21424,ShareUpdateExclusiveLock,t
946684800,supplier_s_nationkey_s_suppkey_idx,21424,AccessShareLock,t
946684800,supplier_s_suppkey_idx_like,21424,AccessShareLock,t
946684800,customer,21409,RowExclusiveLock,t
946684800,customer,21374,RowExclusiveLock,t
946684800,customer,21384,RowExclusiveLock,t
946684800,customer,21381,RowExclusiveLock,t
946684800,customer,21385,RowExclusiveLock,t
946684800,customer,21387,RowExclusiveLock,t
946684800,customer,21406,RowExclusiveLock,t
946684800,customer,21408,RowExclusiveLock,t
946684800,lineitem,21373,RowExclusiveLock,t
946684800,lineitem,21425,RowExclusiveLock,t
946684800,lineitem,21422,RowExclusiveLock,t
946684800,lineitem,21411,RowExclusiveLock,t
946684800,lineitem,21407,RowExclusiveLock,t
946684800,lineitem,21396,RowExclusiveLock,t
946684800,lineitem,21390,RowExclusiveLock,t
946684800,lineitem,21380,RowExclusiveLock,t
946684800,orders,21434,RowExclusiveLock,t
946684800,orders,21383,RowExclusiveLock,t
946684800,orders,21388,RowExclusiveLock,t
946684800,orders,21391,RowExclusiveLock,t
946684800,orders,21393,RowExclusiveLock,t
946684800,orders,21418,RowExclusiveLock,t
946684800,orders,21438,RowExclusiveLock,t
946684800,orders,21437,RowExclusiveLock,t
946684800,part,21435,ShareUpdateExclusiveLock,t
946684800,part_p_container_p_brand_p_partkey_idx,21435,AccessShareLock,t
946684800,part_p_name_idx,21435,AccessShareLock,t
946684800,part_p_size_idx,21435,AccessShareLock,t
946684800,part_p_type_p_partkey_idx,21435,AccessShareLock,t
946684800,partsupp,21395,RowExclusiveLock,t
946684800,partsupp,21392,RowExclusiveLock,t
946684800,partsupp,21386,RowExclusiveLock,t
946684800,partsupp,21479,ShareUpdateExclusiveLock,t
946684800,partsupp,21431,RowExclusiveLock,t
946684800,partsupp,21419,RowExclusiveLock,t
946684800,partsupp,21402,RowExclusiveLock,t
946684800,partsupp,21403,RowExclusiveLock,t
946684800,pg_locks,21502,AccessShareLock,t
946684800,pg_namespace,21424,AccessShareLock,t
946684800,pg_namespace_nspname_index,21424,AccessShareLock,t
946684800,pg_namespace_oid_index,21424,AccessShareLock,t
946684800,pg_operator,21424,AccessShareLock,t
946684800,pg_operator_oid_index,21424,AccessShareLock,t
946684800,pg_operator_oprname_l_r_n_index,21424,AccessShareLock,t
946684800,pg_statistic,21424,AccessShareLock,t
946684800,pg_statistic_relid_att_inh_index,21424,AccessShareLock,t
946684800,pk_part,21435,AccessShareLock,t
946684800,customer,21374,RowExclusiveLock,t
946684800,customer,21384,RowExclusiveLock,t
946684800,customer,21381,RowExclusiveLock,t
946684800,customer,21385,RowExclusiveLock,t
946684800,customer,21387,RowExclusiveLock,t
946684800,customer,21406,RowExclusiveLock,t
946684800,customer,21408,RowExclusiveLock,t
946684800,customer,21409,RowExclusiveLock,t
946684800,lineitem,21373,RowExclusiveLock,t
946684800,lineitem,21380,RowExclusiveLock,t
946684800,lineitem,21390,RowExclusiveLock,t
946684800,lineitem,21396,RowExclusiveLock,t
946684800,lineitem,21407,RowExclusiveLock,t
946684800,lineitem,21411,RowExclusiveLock,t
946684800,lineitem,21422,RowExclusiveLock,t
946684800,lineitem,21425,RowExclusiveLock,t
946684800,orders,21383,RowExclusiveLock,t
946684800,orders,21388,RowExclusiveLock,t
946684800,orders,21391,RowExclusiveLock,t
946684800,orders,21393,RowExclusiveLock,t
946684800,orders,21418,RowExclusiveLock,t
946684800,orders,21438,RowExclusiveLock,t
946684800,orders,21434,RowExclusiveLock,t
946684800,orders,21437,RowExclusiveLock,t
946684800,partsupp,,RowExclusiveLock,t
946684800,partsupp,21479,ShareUpdateExclusiveLock,t
946684800,partsupp,21386,RowExclusiveLock,t
946684800,partsupp,21395,RowExclusiveLock,t
946684800,partsupp,21403,RowExclusiveLock,t
946684800,partsupp,21402,RowExclusiveLock,t
946684800,partsupp,21419,RowExclusiveLock,t
946684800,partsupp,21431,RowExclusiveLock,t
946684800,pg_locks,21509,AccessShareLock,t
946684800,pg_namespace,21510,AccessShareLock,t
946684800,pg_namespace_nspname_index,21510,AccessShareLock,t
946684800,customer,21381,RowExclusiveLock,t
946684800,customer,21385,RowExclusiveLock,t
946684800,customer,21387,RowExclusiveLock,t
946684800,customer,21406,RowExclusiveLock,t
946684800,customer,21408,RowExclusiveLock,t
946684800,customer,21409,RowExclusiveLock,t
946684800,customer,21374,RowExclusiveLock,t
946684800,customer,21384,RowExclusiveLock,t
946684800,lineitem,21380,RowExclusiveLock,t
946684800,lineitem,21396,RowExclusiveLock,t
946684800,lineitem,21407,RowExclusiveLock,t
946684800,lineitem,21411,RowExclusiveLock,t
946684800,lineitem,21422,RowExclusiveLock,t
946684800,lineitem,21425,RowExclusiveLock,t
946684800,lineitem,21373,RowExclusiveLock,t
946684800,lineitem,21390,RowExclusiveLock,t
946684800,orders,21391,RowExclusiveLock,t
946684800,orders,21393,RowExclusiveLock,t
946684800,orders,21418,RowExclusiveLock,t
946684800,orders,21438,RowExclusiveLock,t
946684800,orders,21434,RowExclusiveLock,t
946684800,orders,21437,RowExclusiveLock,t
946684800,orders,21383,RowExclusiveLock,t
946684800,orders,21388,RowExclusiveLock,t
946684800,partsupp,21479,ShareUpdateExclusiveLock,t
946684800,partsupp,21386,RowExclusiveLock,t
946684800,partsupp,21403,RowExclusiveLock,t
946684800,partsupp,21402,RowExclusiveLock,t
946684800,partsupp,21419,RowExclusiveLock,t
946684800,partsupp,21431,RowExclusiveLock,t
946684800,pg_locks,21516,AccessShareLock,t
946684800,pg_namespace,21520,AccessShareLock,t
946684800,pg_namespace_nspname_index,21520,AccessShareLock,t
946684800,customer,21406,RowExclusiveLock,t
946684800,customer,21408,RowExclusiveLock,t
946684800,customer,21409,RowExclusiveLock,t
946684800,customer,,RowExclusiveLock,t
946684800,customer,21374,RowExclusiveLock,t
946684800,customer,21384,RowExclusiveLock,t
946684800,customer,21385,RowExclusiveLock,t
946684800,customer,21387,RowExclusiveLock,t
946684800,lineitem,21411,RowExclusiveLock,t
946684800,lineitem,21422,RowExclusiveLock,t
946684800,lineitem,21425,RowExclusiveLock,t
946684800,lineitem,21373,RowExclusiveLock,t
946684800,lineitem,21380,RowExclusiveLock,t
946684800,lineitem,21390,RowExclusiveLock,t
946684800,lineitem,21396,RowExclusiveLock,t
946684800,lineitem,21407,RowExclusiveLock,t
946684800,orders,21438,RowExclusiveLock,t
946684800,orders,21434,RowExclusiveLock,t
946684800,orders,21437,RowExclusiveLock,t
946684800,orders,21383,RowExclusiveLock,t
946684800,orders,21388,RowExclusiveLock,t
946684800,orders,21391,RowExclusiveLock,t
946684800,orders,21393,RowExclusiveLock,t
946684800,orders,21418,RowExclusiveLock,t
946684800,partsupp,21479,ShareUpdateExclusiveLock,t
946684800,partsupp,21419,RowExclusiveLock,t
946684800,partsupp,21431,RowExclusiveLock,t
946684800,pg_locks,21526,AccessShareLock,t
946684800,customer,21528,ShareUpdateExclusiveLock,t
946684800,customer,21408,RowExclusiveLock,t
946684800,customer,21409,RowExclusiveLock,t
946684800,customer,21374,RowExclusiveLock,t
946684800,customer,21387,RowExclusiveLock,t
946684800,customer,21406,RowExclusiveLock,t
946684800,lineitem,21411,RowExclusiveLock,t
946684800,lineitem,21422,RowExclusiveLock,t
946684800,lineitem,21425,RowExclusiveLock,t
946684800,lineitem,21373,RowExclusiveLock,t
946684800,lineitem,21380,RowExclusiveLock,t
946684800,lineitem,21390,RowExclusiveLock,t
946684800,lineitem,21396,RowExclusiveLock,t
946684800,lineitem,21407,RowExclusiveLock,t
946684800,orders,21437,RowExclusiveLock,t
946684800,orders,21434,ExclusiveLock,t
946684800,orders,21383,RowExclusiveLock,t
946684800,orders,21388,RowExclusiveLock,t
946684800,orders,21391,RowExclusiveLock,t
946684800,orders,21393,RowExclusiveLock,t
946684800,orders,21418,RowExclusiveLock,t
946684800,orders,21438,RowExclusiveLock,t
946684800,orders,21434,RowExclusiveLock,t
946684800,pg_locks,21531,AccessShareLock,t
946684800,pg_namespace,21532,AccessShareLock,t
946684800,pg_namespace,21534,AccessShareLock,t
946684800,pg_namespace_nspname_index,21532,AccessShareLock,t
946684800,pg_namespace_nspname_index,21534,AccessShareLock,t
946684800,customer,21408,ShareLock,t
946684800,lineitem,21425,RowExclusiveLock,t
946684800,lineitem,21380,RowExclusiveLock,t
946684800,lineitem,21390,RowExclusiveLock,t
946684800,lineitem,21396,RowExclusiveLock,t
946684800,lineitem,21407,RowExclusiveLock,t
946684800,lineitem,21411,RowExclusiveLock,t
946684800,lineitem,21422,RowExclusiveLock,t
946684800,lineitem,21373,RowExclusiveLock,t
946684800,orders,21388,RowExclusiveLock,t
946684800,orders,21393,RowExclusiveLock,t
946684800,orders,21418,RowExclusiveLock,t
946684800,orders,21438,RowExclusiveLock,t
946684800,orders,21434,RowExclusiveLock,t
946684800,orders,21437,RowExclusiveLock,t
946684800,partsupp,21431,ShareUpdateExclusiveLock,t
946684800,partsupp_ps_suppkey_idx,21431,AccessShareLock,t
946684800,pg_locks,21537,AccessShareLock,t
946684800,pg_namespace,21538,AccessShareLock,t
946684800,pg_namespace_nspname_index,21538,AccessShareLock,t
946684800,pg_stat_database,21539,AccessShareLock,t
946684800,pk_partsupp,21431,AccessShareLock,t
946684800,customer,21408,ShareLock,t
946684800,lineitem,21380,RowExclusiveLock,t
946684800,lineitem,21390,RowExclusiveLock,t
946684800,lineitem,21396,RowExclusiveLock,t
946684800,lineitem,21407,RowExclusiveLock,t
946684800,lineitem,21411,RowExclusiveLock,t
946684800,lineitem,21422,RowExclusiveLock,t
946684800,lineitem,21425,RowExclusiveLock,t
946684800,lineitem,21373,RowExclusiveLock,t
946684800,orders,21393,RowExclusiveLock,t
946684800,orders,21438,RowExclusiveLock,t
946684800,orders,21434,RowExclusiveLock,t
946684800,orders,21437,RowExclusiveLock,t
946684800,orders,21542,ShareUpdateExclusiveLock,t
946684800,pg_locks,21544,AccessShareLock,t
946684800,customer,21393,ShareLock,t
946684800,customer,21418,ShareLock,t
946684800,lineitem,21396,ExclusiveLock,f
946684800,lineitem,21411,RowExclusiveLock,t
946684800,lineitem,21422,RowExclusiveLock,t
946684800,lineitem,21425,RowExclusiveLock,t
946684800,lineitem,21380,ExclusiveLock,f
946684800,lineitem,21422,ExclusiveLock,f
946684800,lineitem,21411,ExclusiveLock,f
946684800,lineitem,21373,ExclusiveLock,f
946684800,lineitem,21407,ExclusiveLock,t
946684800,lineitem,21390,ExclusiveLock,f
946684800,lineitem,21373,RowExclusiveLock,t
946684800,lineitem,21380,RowExclusiveLock,t
946684800,lineitem,21390,RowExclusiveLock,t
946684800,lineitem,21396,RowExclusiveLock,t
946684800,lineitem,21407,RowExclusiveLock,t
946684800,orders,21438,ShareLock,t
946684800,orders,21374,ShareLock,t
946684800,pg_locks,21551,AccessShareLock,t
946684800,customer,21374,ShareUpdateExclusiveLock,t
946684800,customer_c_mktsegment_c_custkey_idx,21374,AccessShareLock,t
946684800,customer_c_nationkey_c_custkey_idx,21374,AccessShareLock,t
946684800,customer_c_phone_idx,21374,AccessShareLock,t
946684800,customer_c_phone_idx_c_acctbal,21374,AccessShareLock,t
946684800,lineitem,21373,RowExclusiveLock,t
946684800,lineitem,21396,RowExclusiveLock,t
946684800,lineitem,21407,RowExclusiveLock,t
946684800,lineitem,21411,RowExclusiveLock,t
946684800,lineitem,21422,RowExclusiveLock,t
946684800,lineitem,21425,RowExclusiveLock,t
946684800,lineitem,21390,RowExclusiveLock,t
946684800,lineitem,21380,RowExclusiveLock,t
946684800,orders,21393,AccessExclusiveLock,t
946684800,orders,21393,ShareLock,t
946684800,pg_locks,21561,AccessShareLock,t
946684800,pk_customer,21374,AccessShareLock,t
946684800,customer,21374,ShareUpdateExclusiveLock,t
946684800,customer_c_mktsegment_c_custkey_idx,21374,AccessShareLock,t
946684800,customer_c_nationkey_c_custkey_idx,21374,AccessShareLock,t
946684800,customer_c_phone_idx,21374,AccessShareLock,t
946684800,customer_c_phone_idx_c_acctbal,21374,AccessShareLock,t
946684800,lineitem,21396,RowExclusiveLock,t
946684800,lineitem,21407,RowExclusiveLock,t
946684800,lineitem,21411,RowExclusiveLock,t
946684800,lineitem,21422,RowExclusiveLock,t
946684800,lineitem,21425,RowExclusiveLock,t
946684800,lineitem,21380,RowExclusiveLock,t
946684800,lineitem,21373,RowExclusiveLock,t
946684800,lineitem,21390,RowExclusiveLock,t
946684800,orders,21393,ShareUpdateExclusiveLock,t
946684800,orders_o_orderdate_o_orderkey_idx,21393,AccessShareLock,t
946684800,orders_o_orderkey_o_orderdate_idx,21393,AccessShareLock,t
946684800,pg_locks,21580,AccessShareLock,t
946684800,pg_namespace,21578,AccessShareLock,t
946684800,pg_namespace,21581,AccessShareLock,t
946684800,pg_namespace_nspname_index,21578,AccessShareLock,t
946684800,pg_namespace_nspname_index,21581,AccessShareLock,t
946684800,pk_customer,21374,AccessShareLock,t
946684800,pk_orders,21393,AccessShareLock,t
946684800,customer,21374,ShareUpdateExclusiveLock,t
946684800,customer_c_mktsegment_c_custkey_idx,21374,AccessShareLock,t
946684800,customer_c_nationkey_c_custkey_idx,21374,AccessShareLock,t
946684800,customer_c_phone_idx,21374,AccessShareLock,t
946684800,customer_c_phone_idx_c_acctbal,21374,AccessShareLock,t
946684800,lineitem,21407,RowExclusiveLock,t
946684800,lineitem,21411,RowExclusiveLock,t
946684800,lineitem,21422,RowExclusiveLock,t
946684800,lineitem,21425,RowExclusiveLock,t
946684800,lineitem,21373,RowExclusiveLock,t
946684800,lineitem,21380,RowExclusiveLock,t
946684800,lineitem,21390,RowExclusiveLock,t
946684800,lineitem,21396,RowExclusiveLock,t
946684800,orders,21393,ShareUpdateExclusiveLock,t
946684800,orders_o_orderdate_o_orderkey_idx,21393,AccessShareLock,t
946684800,orders_o_orderkey_o_orderdate_idx,21393,AccessShareLock,t
946684800,pg_locks,21589,AccessShareLock,t
946684800,pk_customer,21374,AccessShareLock,t
946684800,pk_orders,21393,AccessShareLock,t
946684800,lineitem,21373,RowExclusiveLock,t
946684800,lineitem,21380,RowExclusiveLock,t
946684800,lineitem,21390,RowExclusiveLock,t
946684800,lineitem,21396,RowExclusiveLock,t
946684800,lineitem,21407,RowExclusiveLock,t
946684800,lineitem,21411,RowExclusiveLock,t
946684800,lineitem,21422,RowExclusiveLock,t
946684800,lineitem,21425,RowExclusiveLock,t
946684800,pg_locks,21593,AccessShareLock,t
946684800,lineitem,21373,RowExclusiveLock,t
946684800,lineitem,21380,RowExclusiveLock,t
946684800,lineitem,21390,RowExclusiveLock,t
946684800,lineitem,21396,RowExclusiveLock,t
946684800,lineitem,21407,RowExclusiveLock,t
946684800,lineitem,21411,RowExclusiveLock,t
946684800,lineitem,21422,RowExclusiveLock,t
946684800,lineitem,21425,RowExclusiveLock,t
946684800,pg_locks,21599,AccessShareLock,t
946684800,lineitem,21373,RowExclusiveLock,t
946684800,lineitem,21380,RowExclusiveLock,t
946684800,lineitem,21390,RowExclusiveLock,t
946684800,lineitem,21396,RowExclusiveLock,t
946684800,lineitem,21407,RowExclusiveLock,t
946684800,lineitem,21411,RowExclusiveLock,t
946684800,lineitem,21422,RowExclusiveLock,t
946684800,lineitem,21425,RowExclusiveLock,t
946684800,pg_locks,21610,AccessShareLock,t
946684800,lineitem,21373,RowExclusiveLock,t
946684800,lineitem,21380,RowExclusiveLock,t
946684800,lineitem,21390,RowExclusiveLock,t
946684800,lineitem,21396,RowExclusiveLock,t
946684800,lineitem,21407,RowExclusiveLock,t
946684800,lineitem,21411,RowExclusiveLock,t
946684800,lineitem,21422,RowExclusiveLock,t
946684800,lineitem,21425,RowExclusiveLock,t
946684800,pg_locks,21613,AccessShareLock,t
946684800,pg_namespace,21617,AccessShareLock,t
946684800,pg_namespace,21616,AccessShareLock,t
946684800,pg_namespace_nspname_index,21617,AccessShareLock,t
946684800,pg_namespace_nspname_index,21616,AccessShareLock,t
946684800,pg_stat_database,21615,AccessShareLock,t
946684800,lineitem,21373,RowExclusiveLock,t
946684800,lineitem,21380,RowExclusiveLock,t
946684800,lineitem,21390,RowExclusiveLock,t
946684800,lineitem,21396,RowExclusiveLock,t
946684800,lineitem,21407,RowExclusiveLock,t
946684800,lineitem,21411,RowExclusiveLock,t
946684800,lineitem,21422,RowExclusiveLock,t
946684800,lineitem,21425,RowExclusiveLock,t
946684800,pg_locks,21620,AccessShareLock,t
946684800,lineitem,21373,RowExclusiveLock,t
946684800,lineitem,21380,RowExclusiveLock,t
946684800,lineitem,21390,RowExclusiveLock,t
946684800,lineitem,21396,RowExclusiveLock,t
946684800,lineitem,21407,RowExclusiveLock,t
946684800,lineitem,21411,RowExclusiveLock,t
946684800,lineitem,21422,RowExclusiveLock,t
946684800,lineitem,21425,RowExclusiveLock,t
946684800,pg_locks,21630,AccessShareLock,t
946684800,lineitem,21373,RowExclusiveLock,t
946684800,lineitem,21380,RowExclusiveLock,t
946684800,lineitem,21390,RowExclusiveLock,t
946684800,lineitem,21396,RowExclusiveLock,t
946684800,lineitem,21407,RowExclusiveLock,t
946684800,lineitem,21411,RowExclusiveLock,t
946684800,lineitem,21422,RowExclusiveLock,t
946684800,lineitem,21425,RowExclusiveLock,t
946684800,pg_locks,21634,AccessShareLock,t
946684800,pg_stat_all_indexes,21637,AccessShareLock,t
946684800,pg_stat_all_tables,21636,AccessShareLock,t
946684800,pg_stat_database,21635,AccessShareLock,t
946684800,pg_statio_all_indexes,21637,AccessShareLock,t
946684800,pg_statio_all_tables,21636,AccessShareLock,t
946684800,lineitem,21425,RowExclusiveLock,t
946684800,lineitem,21373,RowExclusiveLock,t
946684800,lineitem,21380,RowExclusiveLock,t
946684800,lineitem,21390,RowExclusiveLock,t
946684800,lineitem,21396,RowExclusiveLock,t
946684800,lineitem,21407,RowExclusiveLock,t
946684800,lineitem,21411,RowExclusiveLock,t
946684800,lineitem,21422,RowExclusiveLock,t
946684800,orders,21639,ShareUpdateExclusiveLock,t
946684800,orders_o_orderdate_o_orderkey_idx,21639,AccessShareLock,t
946684800,orders_o_orderkey_o_orderdate_idx,21639,AccessShareLock,t
946684800,pg_locks,21642,AccessShareLock,t
946684800,pk_orders,21639,AccessShareLock,t
946684800,lineitem,21425,RowExclusiveLock,t
946684800,lineitem,21373,RowExclusiveLock,t
946684800,lineitem,21380,RowExclusiveLock,t
946684800,lineitem,21390,RowExclusiveLock,t
946684800,lineitem,21396,RowExclusiveLock,t
946684800,lineitem,21407,RowExclusiveLock,t
946684800,lineitem,21411,RowExclusiveLock,t
946684800,lineitem,21422,RowExclusiveLock,t
946684800,orders,21639,ShareUpdateExclusiveLock,t
946684800,orders_o_orderdate_o_orderkey_idx,21639,AccessShareLock,t
946684800,orders_o_orderkey_o_orderdate_idx,21639,AccessShareLock,t
946684800,pg_locks,21656,AccessShareLock,t
946684800,pg_stat_all_tables,21657,AccessShareLock,t
946684800,pg_statio_all_tables,21657,AccessShareLock,t
946684800,pk_orders,21639,AccessShareLock,t
946684800,lineitem,21425,RowExclusiveLock,t
946684800,lineitem,21373,RowExclusiveLock,t
946684800,lineitem,21380,RowExclusiveLock,t
946684800,lineitem,21390,RowExclusiveLock,t
946684800,lineitem,21396,RowExclusiveLock,t
946684800,lineitem,21407,RowExclusiveLock,t
946684800,lineitem,21411,RowExclusiveLock,t
946684800,lineitem,21422,RowExclusiveLock,t
946684800,orders,21639,ShareUpdateExclusiveLock,t
946684800,orders_o_orderdate_o_orderkey_idx,21639,AccessShareLock,t
946684800,orders_o_orderkey_o_orderdate_idx,21639,AccessShareLock,t
946684800,pg_locks,21663,AccessShareLock,t
946684800,pg_stat_database,21664,AccessShareLock,t
946684800,pk_orders,21639,AccessShareLock,t
946684800,lineitem,21425,RowExclusiveLock,t
946684800,lineitem,21373,RowExclusiveLock,t
946684800,lineitem,21380,RowExclusiveLock,t
946684800,lineitem,21390,RowExclusiveLock,t
946684800,lineitem,21396,RowExclusiveLock,t
946684800,lineitem,21407,RowExclusiveLock,t
946684800,lineitem,21411,RowExclusiveLock,t
946684800,lineitem,21422,RowExclusiveLock,t
946684800,orders,21639,ShareUpdateExclusiveLock,t
946684800,orders_o_orderdate_o_orderkey_idx,21639,AccessShareLock,t
946684800,orders_o_orderkey_o_orderdate_idx,21639,AccessShareLock,t
946684800,pg_locks,21673,AccessShareLock,t
946684800,pg_stat_all_indexes,21676,AccessShareLock,t
946684800,pg_statio_all_indexes,21676,AccessShareLock,t
946684800,pk_orders,21639,AccessShareLock,t
946684800,lineitem,21425,RowExclusiveLock,t
946684800,lineitem,21373,RowExclusiveLock,t
946684800,lineitem,21390,RowExclusiveLock,t
946684800,lineitem,21396,RowExclusiveLock,t
946684800,lineitem,21407,RowExclusiveLock,t
946684800,lineitem,21411,RowExclusiveLock,t
946684800,lineitem,21422,RowExclusiveLock,t
946684800,orders,21639,ShareUpdateExclusiveLock,t
946684800,orders_o_orderdate_o_orderkey_idx,21639,AccessShareLock,t
946684800,orders_o_orderkey_o_orderdate_idx,21639,AccessShareLock,t
946684800,pg_index,21680,AccessShareLock,t
946684800,pg_locks,21679,AccessShareLock,t
946684800,pg_stat_all_tables,21680,AccessShareLock,t
946684800,pg_stat_database,21681,AccessShareLock,t
946684800,pg_statio_all_tables,21680,AccessShareLock,t
946684800,pk_orders,21639,AccessShareLock,t
946684800,lineitem,21422,ShareLock,t
946684800,orders,21639,ShareUpdateExclusiveLock,t
946684800,orders_o_orderdate_o_orderkey_idx,21639,AccessShareLock,t
946684800,orders_o_orderkey_o_orderdate_idx,21639,AccessShareLock,t
946684800,pg_locks,21687,AccessShareLock,t
946684800,pg_namespace,21689,AccessShareLock,t
946684800,pg_namespace,21690,AccessShareLock,t
946684800,pg_namespace_nspname_index,21690,AccessShareLock,t
946684800,pg_namespace_nspname_index,21689,AccessShareLock,t
946684800,pk_orders,21639,AccessShareLock,t
946684800,lineitem,21422,ShareLock,t
946684800,orders,21639,ShareUpdateExclusiveLock,t
946684800,orders_o_orderdate_o_orderkey_idx,21639,AccessShareLock,t
946684800,orders_o_orderkey_o_orderdate_idx,21639,AccessShareLock,t
946684800,pg_index,21695,AccessShareLock,t
946684800,pg_index,21696,AccessShareLock,t
946684800,pg_index_indexrelid_index,21696,AccessShareLock,t
946684800,pg_index_indexrelid_index,21695,AccessShareLock,t
946684800,pg_index_indrelid_index,21696,AccessShareLock,t
946684800,pg_index_indrelid_index,21695,AccessShareLock,t
946684800,pg_locks,21697,AccessShareLock,t
946684800,pg_namespace,21695,AccessShareLock,t
946684800,pg_namespace,21696,AccessShareLock,t
946684800,pg_namespace_nspname_index,21695,AccessShareLock,t
946684800,pg_namespace_nspname_index,21696,AccessShareLock,t
946684800,pg_namespace_oid_index,21695,AccessShareLock,t
946684800,pg_namespace_oid_index,21696,AccessShareLock,t
946684800,pg_stat_all_indexes,21696,AccessShareLock,t
946684800,pg_stat_all_tables,21695,AccessShareLock,t
946684800,pg_stat_database,21698,AccessShareLock,t
946684800,pg_statio_all_indexes,21696,AccessShareLock,t
946684800,pg_statio_all_tables,21695,AccessShareLock,t
946684800,pk_orders,21639,AccessShareLock,t
946684800,lineitem,21422,AccessExclusiveLock,t
946684800,lineitem,21422,ShareLock,t
946684800,pg_locks,21703,AccessShareLock,t
946684800,pg_rewrite,21706,AccessShareLock,t
946684800,pg_rewrite_rel_rulename_index,21706,AccessShareLock,t
946684800,pg_stat_database,21705,AccessShareLock,t
946684800,pg_statio_all_tables,21706,AccessShareLock,t
946684800,lineitem,21422,ShareLock,t
946684800,lineitem,21407,ShareLock,t
946684800,lineitem,21425,ShareLock,t
946684800,lineitem,21411,ShareLock,t
946684800,lineitem,21396,ShareLock,t
946684800,lineitem,21390,ShareLock,t
946684800,pg_locks,21713,AccessShareLock,t
946684800,lineitem,21396,ShareLock,t
946684800,lineitem,21422,ShareLock,t
946684800,lineitem,21407,ShareLock,t
946684800,lineitem,21411,ShareLock,t
946684800,lineitem,21390,ShareLock,t
946684800,pg_index,21720,AccessShareLock,t
946684800,pg_index,21721,AccessShareLock,t
946684800,pg_index_indexrelid_index,21720,AccessShareLock,t
946684800,pg_index_indexrelid_index,21721,AccessShareLock,t
946684800,pg_index_indrelid_index,21721,AccessShareLock,t
946684800,pg_index_indrelid_index,21720,AccessShareLock,t
946684800,pg_locks,21719,AccessShareLock,t
946684800,pg_namespace,21721,AccessShareLock,t
946684800,pg_namespace,21720,AccessShareLock,t
946684800,pg_namespace_nspname_index,21721,AccessShareLock,t
946684800,pg_namespace_nspname_index,21720,AccessShareLock,t
946684800,pg_namespace_oid_index,21720,AccessShareLock,t
946684800,pg_namespace_oid_index,21721,AccessShareLock,t
946684800,pg_stat_activity,21718,AccessShareLock,t
946684800,pg_stat_all_indexes,21720,AccessShareLock,t
946684800,pg_stat_all_tables,21721,AccessShareLock,t
946684800,pg_stat_database,21717,AccessShareLock,t
946684800,pg_statio_all_indexes,21720,AccessShareLock,t
946684800,pg_statio_all_tables,21721,AccessShareLock,t
946684800,lineitem,21407,ShareLock,t
946684800,lineitem,21411,ShareLock,t
946684800,lineitem,21396,ShareLock,t
946684800,lineitem,21422,ShareLock,t
946684800,pg_locks,21725,AccessShareLock,t
946684800,pg_namespace,21727,AccessShareLock,t
946684800,pg_namespace,21726,AccessShareLock,t
946684800,pg_namespace_nspname_index,21726,AccessShareLock,t
946684800,pg_namespace_nspname_index,21727,AccessShareLock,t
946684800,pg_stat_database,21728,AccessShareLock,t
946684800,lineitem,21407,ShareLock,t
946684800,lineitem,21396,ShareLock,t
946684800,pg_index,21734,AccessShareLock,t
946684800,pg_index,21736,AccessShareLock,t
946684800,pg_index_indrelid_index,21736,AccessShareLock,t
946684800,pg_locks,21733,AccessShareLock,t
946684800,pg_namespace,21734,AccessShareLock,t
946684800,pg_namespace,21737,AccessShareLock,t
946684800,pg_namespace_nspname_index,21737,AccessShareLock,t
946684800,pg_stat_activity,21735,AccessShareLock,t
946684800,pg_stat_all_indexes,21734,AccessShareLock,t
946684800,pg_stat_database,21736,AccessShareLock,t
946684800,pg_statio_all_indexes,21734,AccessShareLock,t
946684800,lineitem,21407,ShareUpdateExclusiveLock,t
946684800,lineitem_l_orderkey_idx,21407,RowExclusiveLock,t
946684800,lineitem_l_orderkey_idx_l_returnflag,21407,RowExclusiveLock,t
946684800,lineitem_l_orderkey_idx_part1,21407,RowExclusiveLock,t
946684800,lineitem_l_orderkey_idx_part2,21407,RowExclusiveLock,t
946684800,lineitem_l_orderkey_l_linenumber_l_shipdate_idx,21407,RowExclusiveLock,t
946684800,lineitem_l_partkey_l_quantity_l_shipmode_idx,21407,RowExclusiveLock,t
946684800,lineitem_l_shipdate_l_suppkey__idx,21407,RowExclusiveLock,t
946684800,pg_index,21749,AccessShareLock,t
946684800,pg_locks,21753,AccessShareLock,t
946684800,pg_namespace,21749,AccessShareLock,t
946684800,pg_stat_activity,21751,AccessShareLock,t
946684800,pg_stat_all_indexes,21749,AccessShareLock,t
946684800,pg_stat_database,21752,AccessShareLock,t
946684800,pg_statio_all_indexes,21749,AccessShareLock,t
946684800,pk_lineitem,21407,RowExclusiveLock,t
946684800,lineitem,21407,ShareUpdateExclusiveLock,t
946684800,lineitem_l_orderkey_idx,21407,RowExclusiveLock,t
946684800,lineitem_l_orderkey_idx_l_returnflag,21407,RowExclusiveLock,t
946684800,lineitem_l_orderkey_idx_part1,21407,RowExclusiveLock,t
946684800,lineitem_l_orderkey_idx_part2,21407,RowExclusiveLock,t
946684800,lineitem_l_orderkey_l_linenumber_l_shipdate_idx,21407,RowExclusiveLock,t
946684800,lineitem_l_partkey_l_quantity_l_shipmode_idx,21407,RowExclusiveLock,t
946684800,lineitem_l_shipdate_l_suppkey__idx,21407,RowExclusiveLock,t
946684800,pg_index,21757,AccessShareLock,t
946684800,pg_index,21758,AccessShareLock,t
946684800,pg_index_indexrelid_index,21758,AccessShareLock,t
946684800,pg_index_indexrelid_index,21757,AccessShareLock,t
946684800,pg_index_indrelid_index,21757,AccessShareLock,t
946684800,pg_index_indrelid_index,21758,AccessShareLock,t
946684800,pg_locks,21760,AccessShareLock,t
946684800,pg_namespace,21758,AccessShareLock,t
946684800,pg_namespace,21757,AccessShareLock,t
946684800,pg_namespace_nspname_index,21757,AccessShareLock,t
946684800,pg_namespace_nspname_index,21758,AccessShareLock,t
946684800,pg_namespace_oid_index,21758,AccessShareLock,t
946684800,pg_namespace_oid_index,21757,AccessShareLock,t
946684800,pg_stat_activity,21759,AccessShareLock,t
946684800,pg_stat_all_indexes,21758,AccessShareLock,t
946684800,pg_stat_all_tables,21757,AccessShareLock,t
946684800,pg_stat_database,21756,AccessShareLock,t
946684800,pg_statio_all_indexes,21758,AccessShareLock,t
946684800,pg_statio_all_tables,21757,AccessShareLock,t
946684800,pk_lineitem,21407,RowExclusiveLock,t
946684800,lineitem,21407,ShareUpdateExclusiveLock,t
946684800,lineitem_l_orderkey_idx,21407,RowExclusiveLock,t
946684800,lineitem_l_orderkey_idx_l_returnflag,21407,RowExclusiveLock,t
946684800,lineitem_l_orderkey_idx_part1,21407,RowExclusiveLock,t
946684800,lineitem_l_orderkey_idx_part2,21407,RowExclusiveLock,t
946684800,lineitem_l_orderkey_l_linenumber_l_shipdate_idx,21407,RowExclusiveLock,t
946684800,lineitem_l_partkey_l_quantity_l_shipmode_idx,21407,RowExclusiveLock,t
946684800,lineitem_l_shipdate_l_suppkey__idx,21407,RowExclusiveLock,t
946684800,pg_locks,21763,AccessShareLock,t
946684800,pg_rewrite,21766,AccessShareLock,t
946684800,pg_rewrite_rel_rulename_index,21766,AccessShareLock,t
946684800,pg_statio_all_tables,21766,AccessShareLock,t
946684800,pk_lineitem,21407,RowExclusiveLock,t
946684800,lineitem,21407,ShareUpdateExclusiveLock,t
946684800,lineitem_l_orderkey_idx,21407,RowExclusiveLock,t
946684800,lineitem_l_orderkey_idx_l_returnflag,21407,RowExclusiveLock,t
946684800,lineitem_l_orderkey_idx_part1,21407,RowExclusiveLock,t
946684800,lineitem_l_orderkey_idx_part2,21407,RowExclusiveLock,t
946684800,lineitem_l_orderkey_l_linenumber_l_shipdate_idx,21407,RowExclusiveLock,t
946684800,lineitem_l_partkey_l_quantity_l_shipmode_idx,21407,RowExclusiveLock,t
946684800,lineitem_l_shipdate_l_suppkey__idx,21407,RowExclusiveLock,t
946684800,pg_index,21774,AccessShareLock,t
946684800,pg_index_indexrelid_index,21774,AccessShareLock,t
946684800,pg_index_indrelid_index,21774,AccessShareLock,t
946684800,pg_locks,21773,AccessShareLock,t
946684800,pg_namespace,21774,AccessShareLock,t
946684800,pg_namespace,21772,AccessShareLock,t
946684800,pg_namespace_nspname_index,21774,AccessShareLock,t
946684800,pg_namespace_nspname_index,21772,AccessShareLock,t
946684800,pg_namespace_oid_index,21774,AccessShareLock,t
946684800,pg_stat_all_indexes,21774,AccessShareLock,t
946684800,pg_statio_all_indexes,21774,AccessShareLock,t
946684800,pk_lineitem,21407,RowExclusiveLock,t
946684800,lineitem,21407,ShareUpdateExclusiveLock,t
946684800,lineitem_l_orderkey_idx,21407,AccessShareLock,t
946684800,lineitem_l_orderkey_idx_l_returnflag,21407,AccessShareLock,t
946684800,lineitem_l_orderkey_idx_part1,21407,AccessShareLock,t
946684800,lineitem_l_orderkey_idx_part2,21407,AccessShareLock,t
946684800,lineitem_l_orderkey_l_linenumber_l_shipdate_idx,21407,AccessShareLock,t
946684800,lineitem_l_partkey_l_quantity_l_shipmode_idx,21407,AccessShareLock,t
946684800,lineitem_l_shipdate_l_suppkey__idx,21407,AccessShareLock,t
946684800,pg_locks,21782,AccessShareLock,t
946684800,pg_namespace,21784,AccessShareLock,t
946684800,pg_namespace_nspname_index,21784,AccessShareLock,t
946684800,pk_lineitem,21407,AccessShareLock,t
946684800,pg_locks,21787,AccessShareLock,t
946684800,pg_namespace,21788,AccessShareLock,t
946684800,pg_namespace_nspname_index,21788,AccessShareLock,t
